timesteps,iterations,ep_rew_mean,ep_len_mean,entropy_loss,policy_gradient_loss,value_loss,explained_variance
2048,1,0,0,0,0,0,0
4096,2,0,0,-3.290703286975622,-0.028591249109013006,3442.1427593410017,-0.0013668537139892578
6144,3,0,0,-3.2411444798111915,-0.01921996761811897,9745.686765933036,-0.019588112831115723
8192,4,0,0,-3.242519499361515,-0.04813105348439421,205.49748651385306,0.033159077167510986
10240,5,0,0,-3.2478892363607885,-0.048920328362146395,293.60085574388506,-0.010504961013793945
12288,6,0,0,-3.2692604161798955,-0.03253911412903108,4095.363924431801,-0.009122371673583984
14336,7,0,0,-3.180270917713642,-0.03211354055820266,3525.200936412811,0.018363535404205322
16384,8,0,0,-3.184291563183069,-0.04652078446815722,439.3375705957413,0.054271399974823
18432,9,0,0,-3.1763956591486933,-0.045261796319391576,514.0693961024284,-0.04900074005126953
20480,10,0,0,-3.1677659161388876,-0.04554909960716032,441.03142923116684,0.014030277729034424
22528,11,0,0,-3.12507056966424,-0.04906447866233066,334.4699205636978,-0.04315149784088135
24576,12,0,0,-3.085108037292957,-0.05157477921748068,413.1437312245369,0.02442646026611328
26624,13,0,0,-3.136716300994158,-0.052843864748138,324.220060813427,-0.06485581398010254
28672,14,0,0,-3.028315031528473,-0.03191565330489539,5832.972858393192,-0.04846823215484619
30720,15,0,0,-3.0375782340765,-0.03561494220630266,2971.8909606933594,-0.07657694816589355
32768,16,0,0,-2.9894641414284706,-0.0358894904027693,3033.524223780632,0.044480741024017334
34816,17,0,0,-2.9814725019037724,-0.058987976773642,133.317290943861,0.2577921748161316
36864,18,0,0,-2.993762957304716,-0.0516262449324131,192.29617445468904,0.03196686506271362
38912,19,0,0,-2.9566135250031946,-0.04521766511315946,1616.9847357749939,-0.02490866184234619
40960,20,0,0,-2.9286238424479962,-0.053717078210320325,195.03566772341728,0.1685987114906311
43008,21,0,0,-2.9010231740772725,-0.023743726691463962,11273.329372167587,0.0011716485023498535
45056,22,0,0,-2.89984435737133,-0.0325389914913103,3085.9717718482016,-0.05894911289215088
47104,23,0,0,-2.885098458826542,-0.050577110433368946,303.27370262145996,0.18835324048995972
49152,24,0,0,-2.8017466850578785,-0.03059104009589646,3093.3512625217436,0.03910249471664429
51200,25,0,0,-2.7978247314691544,-0.044799135241191834,358.48458869457244,0.043968379497528076
53248,26,0,0,-2.7532921582460403,-0.05093713625392411,413.46104249954226,0.01623249053955078
55296,27,0,0,-2.7033754222095014,-0.032087451918050645,3267.4894773364067,0.030447423458099365
57344,28,0,0,-2.695786089450121,-0.035554248323023785,3297.317852973938,0.037109315395355225
59392,29,0,0,-2.701153788715601,-0.04209825109137455,558.8932860851288,0.03532212972640991
61440,30,0,0,-2.6698242954909803,-0.03571435399935581,2599.4470824599266,-0.004825711250305176
63488,31,0,0,-2.6960165187716485,-0.021887489542132245,13089.186829566956,-0.011687636375427246
65536,32,0,0,-2.6336504139006136,-0.0488617683557095,356.2418960094452,-0.02811300754547119
67584,33,0,0,-2.610174162685871,-0.027165799455542584,5550.235711812973,0.04050159454345703
69632,34,0,0,-2.501241222023964,-0.04553185502009001,372.1982234239578,0.28299641609191895
71680,35,0,0,-2.523164405673742,-0.042070999546558595,417.2570602416992,0.027519822120666504
73728,36,0,0,-2.492412433028221,-0.039129949669586495,360.4966086745262,0.16934973001480103
75776,37,0,0,-2.4234392240643503,-0.0255138011474628,6104.749049711228,-0.005962967872619629
77824,38,0,0,-2.4325850017368795,-0.026875383283186238,2670.590411901474,-0.03212296962738037
79872,39,0,0,-2.325396875292063,-0.03943487152428134,513.4627959012985,0.16088706254959106
81920,40,0,0,-2.3774639286100863,-0.036725145520176736,428.1406711816788,0.13694828748703003
83968,41,0,0,-2.3000345557928084,-0.02449837650055997,5191.762332081795,0.08279424905776978
86016,42,0,0,-2.3199683152139188,-0.04130804175802041,336.5798358440399,0.27377617359161377
88064,43,0,0,-2.2104675121605397,-0.020182712221867405,9647.930795860291,-0.02248990535736084
90112,44,0,0,-2.1502523362636565,-0.034083393882610835,511.159179186821,0.19173383712768555
92160,45,0,0,-2.1106780521571635,-0.018844118638662623,9839.448737430572,0.030614078044891357
94208,46,0,0,-2.233271346241236,-0.026477480941684915,2697.3205622196197,0.06743001937866211
96256,47,0,0,-2.1373622212558985,-0.020384134622872807,6755.831187725067,0.08223974704742432
98304,48,0,0,-2.217974042519927,-0.023703761247452347,7031.934861373901,0.004190802574157715
100352,49,0,0,-2.1200205773115157,-0.028798649029340595,3195.9631383419037,0.011326968669891357
102400,50,0,0,-2.1010782957077025,-0.026002930718823335,4876.148916912079,0.1296328902244568
104448,51,0,0,-2.1443491727113724,-0.03037813606497366,2336.8522741794586,-0.02310943603515625
106496,52,0,0,-2.100643238425255,-0.03868149177287705,537.3800400018692,0.28959184885025024
108544,53,0,0,-2.083981439843774,-0.02794275694177486,3173.456556510925,0.0027640461921691895
110592,54,0,0,-2.087055987492204,-0.024561120590078644,2877.063666296005,0.07089453935623169
112640,55,0,0,-2.004511486366391,-0.01770569059299305,5128.253742218018,0.006872653961181641
114688,56,0,0,-1.985569418221712,-0.03550844493875047,459.62292058467864,0.16476762294769287
116736,57,0,0,-1.958628799021244,-0.029649112411425448,2641.654804110527,0.26495832204818726
118784,58,0,0,-1.9330969009548427,-0.024080939480336384,2656.6024804115295,0.018584012985229492
120832,59,0,0,-1.9448737308382988,-0.017004179151263087,6978.042920684815,0.08040982484817505
122880,60,0,0,-1.9056855592876674,-0.023441102463402787,1224.6312448501587,0.1782112717628479
124928,61,0,0,-1.883498641476035,-0.014850792218931019,3228.3638197898863,0.10398852825164795
126976,62,0,0,-1.9115096181631088,-0.014697614527540282,6862.939537429809,-0.0019943714141845703
129024,63,0,0,-1.992889304086566,-0.019912240997655317,4186.795820903778,0.12377846240997314
131072,64,0,0,-1.9396997012197972,-0.01837857576610986,6437.495084571839,0.17884260416030884
133120,65,0,0,-1.8336537297815085,-0.013921133676194585,5212.081149196625,0.035405755043029785
135168,66,0,0,-1.9393453299999237,-0.023927527907653713,2878.411372470856,0.19263023138046265
137216,67,0,0,-1.8520030044019222,-0.019836850187857635,4167.39116101265,0.031678080558776855
139264,68,0,0,-1.868532059341669,-0.01929305007797666,3257.289165878296,0.18082034587860107
141312,69,0,0,-1.8876985546201468,-0.025287399304215797,2436.9038917064668,0.27278411388397217
143360,70,0,0,-1.861524822935462,-0.021250993563444353,4196.678542041778,0.10746502876281738
145408,71,0,0,-1.8856931872665883,-0.013119929903768934,6784.894461345672,0.0287935733795166
147456,72,0,0,-1.8468346878886224,-0.018236701808928047,4715.642882347107,0.11155956983566284
149504,73,0,0,-1.8557738196104765,-0.015940096002304928,5771.712085628509,0.09937697649002075
151552,74,0,0,-1.7338593121618033,-0.015585703773831483,12226.57560081482,0.12374967336654663
153600,75,0,0,-1.7696310829371213,-0.01691985348443268,4585.705151844025,0.04449427127838135
155648,76,0,0,-1.790724105015397,-0.014915820672467817,5845.603776168823,0.09987789392471313
157696,77,0,0,-1.7394550055265428,-0.016364858382439708,6619.867275238037,0.09102219343185425
159744,78,0,0,-1.6508867949247361,-0.012553678796393797,6566.183103752136,0.1509014368057251
161792,79,0,0,-1.67147146910429,-0.0234527896362124,2863.157282161713,0.24549299478530884
163840,80,0,0,-1.635795034840703,-0.011954291956499219,8456.003643417358,0.057488977909088135
165888,81,0,0,-1.6938353087753057,-0.010643792286282405,10234.966125488281,0.05259835720062256
167936,82,0,0,-1.701112174615264,-0.016389891266589983,4358.321475219726,0.09687238931655884
169984,83,0,0,-1.6693781919777393,-0.012595008363132366,12618.928310775756,0.046943843364715576
172032,84,0,0,-1.7229375213384628,-0.012336095365753863,12402.00923576355,0.12535834312438965
174080,85,0,0,-1.6848991494625807,-0.013546594520448707,9243.856930923463,0.13525807857513428
176128,86,0,0,-1.6714678801596166,-0.01325177674589213,5541.8828224182125,0.04679238796234131
178176,87,0,0,-1.6109414756298066,-0.012398913863580673,12632.389889907838,0.08941853046417236
180224,88,0,0,-1.599026596173644,-0.02345264882023912,1667.8613733291627,0.15792709589004517
182272,89,0,0,-1.5195460740476847,-0.01013765185198281,19440.679098510744,0.10417920351028442
184320,90,0,0,-1.5833845976740122,-0.01511238345701713,7265.268757820129,0.09139466285705566
186368,91,0,0,-1.6871151681989431,-0.026043992990162225,1139.4783882141114,0.06852293014526367
188416,92,0,0,-1.5590299408882857,-0.010515278321690857,19747.182864379884,0.042803943157196045
190464,93,0,0,-1.5734983000904321,-0.010149053086934146,17495.270376586916,0.10148388147354126
192512,94,0,0,-1.597924306616187,-0.011641937572858297,14153.17230796814,0.11520272493362427
194560,95,0,0,-1.530227055028081,-0.014109683842980303,10662.722567749024,0.1898961067199707
196608,96,0,0,-1.5826156612485647,-0.014022348815342412,20122.022360229494,0.17578423023223877
198656,97,0,0,-1.5647978227585555,-0.011306124791735784,23151.93019104004,0.0961836576461792
200704,98,0,0,-1.4921071499586105,-0.010094468051102012,25427.24105529785,0.24064797163009644
202752,99,0,0,-1.452449008822441,-0.007615776004968211,18932.85112915039,0.2196611762046814
204800,100,0,0,-1.4012963823974132,-0.01149447359784972,31180.162088012694,0.1644989252090454
206848,101,0,0,-1.37381002753973,-0.011089417623588815,28358.81752624512,0.3622644543647766
208896,102,0,0,-1.3778713934123517,-0.013100531444069929,39921.25256958008,0.29648321866989136
210944,103,0,0,-1.408250229433179,-0.009907414214103483,24866.52768859863,0.38050663471221924
212992,104,0,0,-1.3127907536923886,-0.011228627047967166,36516.30723266602,0.3604329824447632
215040,105,0,0,-1.2601339772343636,-0.00723419826827012,47220.84174804688,0.359813392162323
217088,106,0,0,-1.2243575969710947,-0.012364186311606318,24515.15418395996,0.5000957250595093
219136,107,0,0,-1.1304117994382978,-0.011177022606716491,43208.23061523437,0.5110999345779419
221184,108,0,0,-1.1185483800247311,-0.008326134500384797,48266.94096069336,0.4742687940597534
223232,109,0,0,-1.0323237013071775,-0.007970327624934725,55139.037506103516,0.43501412868499756
225280,110,0,0,-1.0790109727531672,-0.008111364376964048,49084.91003417969,0.5077802538871765
227328,111,0,0,-1.1555774824693799,-0.008903851424111053,41322.60361938477,0.5044900178909302
229376,112,0,0,-1.0459684025496245,-0.009747381278430112,48306.57918701172,0.49749428033828735
231424,113,0,0,-0.9734836218878626,-0.008598437657929026,57496.31514892578,0.44632673263549805
233472,114,0,0,-0.9592476300895214,-0.007653543879860081,53102.21688232422,0.42811912298202515
235520,115,0,0,-0.892628338187933,-0.009502836447791197,60510.13712158203,0.5059605836868286
237568,116,0,0,-0.9167202131822705,-0.009868523906334303,52170.61730957031,0.5276067852973938
239616,117,0,0,-0.82748280800879,-0.00832420051592635,62718.15196533203,0.4804202914237976
241664,118,0,0,-0.731948216818273,-0.006779821633244865,61068.04615478516,0.5523185729980469
243712,119,0,0,-0.9321560390293598,-0.009260999041725882,44644.52079467774,0.5690632462501526
245760,120,0,0,-0.713702192530036,-0.010979741264600306,63159.39216308594,0.5409739017486572
247808,121,0,0,-0.9073945946991444,-0.005057264663628302,43788.30802001953,0.5725215673446655
249856,122,0,0,-0.7552716245874762,-0.008934959152247757,55151.208227539064,0.6063767671585083
251904,123,0,0,-0.6483932303264737,-0.008218776440480724,61344.25078125,0.6285429000854492
253952,124,0,0,-0.6105329062789678,-0.009260000012000091,64710.63856201172,0.576683521270752
256000,125,0,0,-0.6344432048499584,-0.00883911304117646,61207.525122070314,0.6844993233680725
258048,126,0,0,-0.6088222375139594,-0.006823401502333582,57012.173120117186,0.5881439447402954
260096,127,0,0,-0.4955177128314972,-0.00983918563288171,64387.07197265625,0.5897621512413025
262144,128,0,0,-0.5364866026677191,-0.008552059505018406,56185.079626464845,0.6937691569328308
264192,129,0,0,-0.5004118134267628,-0.009950355428736657,57938.15030517578,0.5970172882080078
266240,130,0,0,-0.4403633293695748,-0.00539123724156525,58587.83493652344,0.499256432056427
268288,131,0,0,-0.49381866259500384,-0.008455628209048882,54222.35583496094,0.6872859001159668
270336,132,0,0,-0.4104610480368137,-0.006052074802573771,54135.988220214844,0.632245659828186
272384,133,0,0,-0.38066059574484823,-0.004792024796915939,53161.61821289062,0.64329993724823
274432,134,0,0,-0.4516930808313191,-0.005898649396840483,47982.82756347656,0.6515541076660156
276480,135,0,0,-0.46714120572432877,-0.0054603879514615985,45972.947204589844,0.7265757322311401
278528,136,0,0,-0.3921525073237717,-0.006453645066358149,45707.49172363281,0.749683678150177
280576,137,0,0,-0.43731998074799777,-0.007576423359569162,43681.270935058594,0.7340154051780701
282624,138,0,0,-0.3590964895673096,-0.004595443175639957,44270.27091064453,0.2087157964706421
284672,139,0,0,-0.41938119046390054,-0.009753124744747765,41462.78775634766,0.6087955236434937
286720,140,0,0,-0.39845213694497944,-0.006212095796945505,39355.50181884765,0.7088960409164429
288768,141,0,0,-0.3962070978246629,-0.009085087569837924,37059.58963012695,0.7759367823600769
290816,142,0,0,-0.3488666946068406,-0.004109894309658557,37225.442706298825,0.5778206586837769
292864,143,0,0,-0.3166137596126646,-0.005889157301862724,34493.19680175781,0.731407880783081
294912,144,0,0,-0.28025734922848644,-0.0013609400295536034,33328.471484375,-2.968311309814453e-05
296960,145,0,0,-0.33179144058376553,-0.0049030855356249955,31340.7805847168,0.7212041616439819
299008,146,0,0,-0.39806413305923344,-0.007556440625921823,29177.231481933595,0.7892292737960815
301056,147,0,0,-0.29521360928192736,-0.002498527408170048,28667.894134521484,-5.4836273193359375e-06
303104,148,0,0,-0.3451891347300261,-0.005099230821360834,26178.17688598633,0.6890054941177368
305152,149,0,0,-0.3110551530495286,-0.0007072259817505255,25555.141815185547,-7.152557373046875e-07
307200,150,0,0,-0.38218103237450124,-0.007984214092721232,23782.93199157715,0.7953005433082581
309248,151,0,0,-0.32337606195360424,-0.004151549469679594,22515.762243652345,-1.3470649719238281e-05
311296,152,0,0,-0.3844635350629687,-0.005416547798085957,21072.459414672852,0.7323876023292542
313344,153,0,0,-0.41403772542253137,-0.009055272693512962,19713.030877685545,0.7537587881088257
315392,154,0,0,-0.4436237414367497,-0.012786933852476067,18859.520907592774,0.6398331522941589
317440,155,0,0,-0.38169846385717393,-0.0050689340525423175,17202.784411621094,0.724425733089447
319488,156,0,0,-0.38047539312392475,-0.0038339529070071875,16519.87063293457,0.4676949381828308
321536,157,0,0,-0.517090567573905,-0.010913802905997727,15879.755993652343,0.7500864267349243
323584,158,0,0,-0.4788883454166353,-0.00823335983150173,16034.16079711914,0.7884196043014526
325632,159,0,0,-0.40053439112380146,-0.006261886094580405,13935.241696166991,0.7460259199142456
327680,160,0,0,-0.3812560978345573,-0.007828547520330176,12088.255505371093,0.6008120179176331
329728,161,0,0,-0.4133022839203477,-0.006854698230745271,11731.575102233886,0.8432577848434448
331776,162,0,0,-0.3795244565233588,-0.007038618894875981,11296.613088989257,0.7502225637435913
333824,163,0,0,-0.45081582497805356,-0.006173475045943633,10425.37081451416,0.811701774597168
335872,164,0,0,-0.41598470536991955,-0.008030160154157783,9305.06940765381,0.8056058883666992
337920,165,0,0,-0.35328146647661923,-0.0044219407485798,7781.785446166992,-2.5033950805664062e-06
339968,166,0,0,-0.3593006359413266,-0.006044277461478486,6949.16844329834,-0.019437432289123535
342016,167,0,0,-0.3551105801947415,-0.005319234690978192,6314.171714782715,0.0021547675132751465
344064,168,0,0,-0.33254922297783196,-0.0014806335777393543,5529.927457427979,-0.00020706653594970703
346112,169,0,0,-0.3288755146320909,-0.0028067848601494917,4897.533674621582,-8.106231689453125e-06
348160,170,0,0,-0.3370603507384658,-0.0019100005767541007,4342.678498077393,-4.410743713378906e-06
350208,171,0,0,-0.3481464136391878,-0.005263473172090016,3793.700241088867,0.00026530027389526367
352256,172,0,0,-0.34282094640657307,-0.0011620341989328153,3321.405076599121,9.775161743164062e-06
354304,173,0,0,-0.3722933865152299,-0.0021251919883070514,2868.3903163909913,-1.7881393432617188e-06
356352,174,0,0,-0.6484658896923066,-0.010762277155299671,8735.913800048827,0.8350696563720703
358400,175,0,0,-0.39890895364806056,-0.010577228633337654,5994.95274772644,0.8463593125343323
360448,176,0,0,-0.4022480037994683,-0.010929016917361877,4844.460353469849,0.9000471234321594
362496,177,0,0,-0.35877058152109387,-0.006433137478597928,3269.5931381225587,0.8092206716537476
364544,178,0,0,-0.4154503858648241,-0.0037190336872299666,5721.4256252288815,0.8715892434120178
366592,179,0,0,-0.29447159739211204,-0.004185000294819474,1806.1440107345582,0.28184545040130615
368640,180,0,0,-0.4567950860597193,-0.005845219054026529,4458.205191802978,0.771312952041626
370688,181,0,0,-0.42021146025508643,-0.006875665324332658,4708.3449987411495,0.7769273519515991
372736,182,0,0,-0.30254035172984006,-0.007195696781855077,1519.1269773483277,0.18147611618041992
374784,183,0,0,-0.2911312838550657,-0.007101221418997739,1500.3174095153809,0.04807639122009277
376832,184,0,0,-0.2766493907663971,-0.0059431575711641925,1042.4606887817383,0.29409658908843994
378880,185,0,0,-0.40187847102060914,-0.007720978719589766,4603.603650093079,0.7288546562194824
380928,186,0,0,-0.3289871348068118,-0.008335629985958803,1588.699681854248,0.775926947593689
382976,187,0,0,-0.2930930163245648,-0.011114409007132054,838.6446040153503,0.3209112286567688
385024,188,0,0,-0.556596415117383,-0.005673551393556409,4640.402994918823,0.7510162591934204
387072,189,0,0,-0.4048766516149044,-0.01165043651344604,2368.8757894515993,0.6683163642883301
389120,190,0,0,-0.4030613250564784,-0.0063996530196163805,4045.694482421875,0.7305046319961548
391168,191,0,0,-0.35091013545170424,-0.009321905783144757,1762.2483345031737,0.09084820747375488
393216,192,0,0,-0.38218078380450604,-0.011274655660963617,2926.952249717712,0.759285569190979
395264,193,0,0,-0.3139118827879429,-0.009000426935381256,1329.571119594574,0.6103460788726807
397312,194,0,0,-0.25892665404826404,-0.005544556386303157,829.5806823730469,0.3420923948287964
399360,195,0,0,-0.35617312849499283,-0.01293415299442131,1426.5788682937623,0.6319576501846313
401408,196,0,0,-0.28663982315920294,-0.00874926362594124,1091.6163556098938,0.26922309398651123
403456,197,0,0,-0.2985987905180082,-0.018202842702157794,743.9853610038757,0.35855722427368164
405504,198,0,0,-0.4203672527335584,-0.008574191411025823,2794.3383902549745,0.8350178003311157
407552,199,0,0,-0.2976749126333743,-0.00996329500048887,887.8389258384705,0.330513060092926
409600,200,0,0,-0.5415953822433949,-0.004860675413510762,5655.394268226623,0.8463160991668701
411648,201,0,0,-0.48495222576893865,-0.00376510797359515,7722.344093322754,0.7807257175445557
413696,202,0,0,-0.32127994908951224,-0.00540059687482426,2095.615118789673,0.8046636581420898
415744,203,0,0,-0.2988533805590123,-0.0032278951388434508,2093.0730578422545,0.8696423172950745
417792,204,0,0,-0.2810159511398524,-0.004248932027257979,2096.147049713135,0.8702055215835571
419840,205,0,0,-0.20656069251708686,-0.006105781634687446,370.3213286161423,0.6753689050674438
421888,206,0,0,-0.20447435416281223,-0.0030248612049035726,220.4101621031761,0.7427314519882202
423936,207,0,0,-0.23418084108270704,-0.005420716140361037,849.7995061516762,0.03028470277786255
425984,208,0,0,-0.2635477709583938,-0.008203488567960448,1974.0290756225586,0.87563157081604
428032,209,0,0,-0.22944140578620137,-0.005521537155436818,257.09621783494947,0.9390531778335571
430080,210,0,0,-0.3076618854887784,-0.011196655360981822,1379.6541341304778,0.6988041400909424
432128,211,0,0,-0.19198911399580537,-0.0037725244255852886,145.84016248583794,0.8339734077453613
434176,212,0,0,-0.2754620794206858,-0.006398312791134231,3286.8584616184235,0.8236958980560303
436224,213,0,0,-0.20369299992453307,-0.005545103646727512,517.8081503868103,0.08159321546554565
438272,214,0,0,-0.21507778805680572,-0.006252253649290651,256.28204975128176,0.7611185908317566
440320,215,0,0,-0.2597478602081537,-0.005134841561084613,1342.3922269701957,0.9323146343231201
442368,216,0,0,-0.32868638560175895,-0.005392465219483711,3616.8454109668733,0.8709638118743896
444416,217,0,0,-0.3103000988252461,-0.005024231359129772,4197.957455301284,0.7494667768478394
446464,218,0,0,-0.25893254987895487,-0.007402770206681453,2051.608068907261,0.8809863328933716
448512,219,0,0,-0.22661344911903142,-0.006096659097238444,440.11710193157194,0.44458991289138794
450560,220,0,0,-0.2504368501482531,-0.006621376289695035,1907.316608530283,0.8954203724861145
452608,221,0,0,-0.27152311890386044,-0.004087507646181621,3340.273140287399,0.864334225654602
454656,222,0,0,-0.2715344217605889,-0.006567261728923768,1849.9401470899581,0.9012083411216736
456704,223,0,0,-0.25626721596345303,-0.0059915425896178934,1795.7693346619606,0.8731773495674133
458752,224,0,0,-0.274414974777028,-0.011151782446540892,3827.1245605707168,0.6921257972717285
460800,225,0,0,-0.2587786982767284,-0.0060660736518912016,149.97220692634582,0.987052321434021
462848,226,0,0,-0.3526754475198686,-0.0027797893140814266,4876.86013122797,0.8900982141494751
464896,227,0,0,-0.28146345550194385,-0.0042442895675776525,2481.527239739895,0.8417481780052185
466944,228,0,0,-0.2956826354842633,-0.0040406913874903696,1803.9283364534379,0.897057294845581
468992,229,0,0,-0.47577195102348924,-0.002473301757709123,8660.427323961258,0.8593889474868774
471040,230,0,0,-0.33671138174831866,-0.005487506178178591,2748.6953780412673,0.8076282739639282
473088,231,0,0,-0.3305115629453212,-0.005626536194176879,2258.280842202902,0.8981557488441467
475136,232,0,0,-0.25424217428080736,-0.004321102248650277,819.2378453671932,-0.12359046936035156
477184,233,0,0,-0.2297144064679742,-0.0032549100593314505,126.69218634366989,0.8624100685119629
479232,234,0,0,-0.2501869949512184,-0.00627095679010381,413.1440353989601,0.5054701566696167
481280,235,0,0,-0.36733785406686364,-0.003067781522986479,5864.000952672958,0.8664153218269348
483328,236,0,0,-0.25582845765165985,-0.005818978877505288,200.49814492464066,0.6437050700187683
485376,237,0,0,-0.30879656905308367,-0.005505651325802319,1666.0339987307786,0.9206433296203613
487424,238,0,0,-0.45019353413954377,-0.0029854251828510315,7248.394654989243,0.88163161277771
489472,239,0,0,-0.2732147115282714,-0.00567165921384003,2169.125048524141,0.8911190629005432
491520,240,0,0,-0.29317094865255056,-0.00931700721703237,1965.7189660549163,0.8882818818092346
493568,241,0,0,-0.21382366442121564,-0.0021287742813001385,117.50130675435067,0.7712376117706299
495616,242,0,0,-0.3564171651378274,-0.004282535152742639,6391.340852987766,0.8986296057701111
497664,243,0,0,-0.3033149414230138,-0.005141633667517453,3861.7072672724726,0.8781362771987915
499712,244,0,0,-0.2886044953018427,-0.006376625096891075,3533.3175579071044,0.9114210605621338
501760,245,0,0,-0.2926475137937814,-0.006021319281717297,3746.3337681770327,0.8291964530944824
503808,246,0,0,-0.28759593409486117,-0.008475480470224284,3355.0997301161287,0.9154233932495117
505856,247,0,0,-0.24892634665593505,-0.006612946838140487,1840.2271298229693,0.9086184501647949
507904,248,0,0,-0.20368427420035004,-0.003812541681691073,42.28849149346352,0.9535324573516846
509952,249,0,0,-0.2945409831125289,-0.005216687123174779,4533.351542806626,0.8470168709754944
512000,250,0,0,-0.2635896471794695,-0.010228062197711552,764.5620628297329,0.8974553942680359
514048,251,0,0,-0.29029231569729746,-0.005658247147221118,3541.842369109392,0.8927378058433533
516096,252,0,0,-0.29462368818931284,-0.008309011365054176,3487.837605392933,0.9007959961891174
518144,253,0,0,-0.2640785734634846,-0.006118893437087536,9.722277702391148,0.9859140515327454
520192,254,0,0,-0.5712804967537523,-0.004093338482198306,10094.487914657593,0.8700527548789978
522240,255,0,0,-0.5862792740575969,-0.00340899779839674,11664.0167137146,0.8613085746765137
524288,256,0,0,-0.38234944324940445,-0.005903272959403694,4875.461108016968,0.7924252152442932
526336,257,0,0,-0.3524911161046475,-0.004162878164788708,5771.457754778862,0.871886134147644
528384,258,0,0,-0.3063133302144706,-0.004292382637504488,4439.606178379059,0.8631014823913574
530432,259,0,0,-0.38710819273255764,-0.003930019264953444,8376.921294879914,0.815032422542572
532480,260,0,0,-0.23988864794373513,-0.004951464044279419,2470.577745008469,0.8267276287078857
534528,261,0,0,-0.35478241643868386,-0.0037994724516465794,6867.039552378655,0.8813039660453796
536576,262,0,0,-0.2873743529897183,-0.00416501838772092,4358.483838164806,0.8856363892555237
538624,263,0,0,-0.20171938189305366,-0.0035914406398660503,525.4227187290787,0.1747281551361084
540672,264,0,0,-0.22882096730172635,-0.007550380850443616,26.50971571728587,0.9668200016021729
542720,265,0,0,-0.6202680875547231,-0.0047839366627158595,15298.377083206176,0.7715275287628174
544768,266,0,0,-0.45331449597142637,-0.003747778962133452,10837.706002807618,0.7893288731575012
546816,267,0,0,-0.35451777931302786,-0.006594478506303858,2829.84001121521,0.20177704095840454
548864,268,0,0,-0.3086538157891482,-0.010400829499121755,1123.3361830711365,0.34187060594558716
550912,269,0,0,-0.4122061540838331,-0.006843412440503016,4859.962496948242,0.7287346124649048
552960,270,0,0,-0.3596600491553545,-0.005353565298719332,4803.951005840301,0.8855315446853638
555008,271,0,0,-0.31870756153948604,-0.0038875230849953367,3160.5043723881245,0.8498245477676392
557056,272,0,0,-0.318397699855268,-0.005878882379329297,2854.530568742752,0.6431045532226562
559104,273,0,0,-0.27122813165187837,-0.005048278789035976,3409.2905450940134,0.7472915649414062
561152,274,0,0,-0.2421963779721409,-0.011003990695462562,16.068494667112827,0.978291392326355
563200,275,0,0,-0.6384845179505646,-0.0034813677440979516,12714.923768615723,0.7379820346832275
565248,276,0,0,-0.5740461372770369,-0.004587910011468921,11866.575677490235,0.7835196256637573
567296,277,0,0,-0.47002483494579794,-0.00572752995067276,7700.000475692749,0.7835294008255005
569344,278,0,0,-0.34189249682240186,-0.008718005848641042,3225.6124494552614,0.7614348530769348
571392,279,0,0,-0.35606128913350404,-0.007625646832457278,4085.8444579601287,0.8326663970947266
573440,280,0,0,-0.26055554635822775,-0.007726581797760446,332.3767354846001,0.4868085980415344
575488,281,0,0,-0.2902227372862399,-0.007126682755188085,1999.9509761095046,0.8376575112342834
577536,282,0,0,-0.2935441498178989,-0.004672424573800527,3007.100214600563,0.8650361895561218
579584,283,0,0,-0.2669084864202887,-0.009544587615528144,51.76142576038838,0.9935907125473022
581632,284,0,0,-0.3047316823620349,-0.007097609035554342,1466.4781949043274,0.9245143532752991
583680,285,0,0,-0.266585967829451,-0.006813686952227727,28.99877085722983,0.9655026197433472
585728,286,0,0,-0.8549966395832598,-0.0063587951648514714,21358.463632202147,0.7441917657852173
587776,287,0,0,-0.736529444810003,-0.005946486804168672,17542.8496925354,0.7954117059707642
589824,288,0,0,-0.8005232667550445,-0.0056490092363674195,21656.754901123048,0.7541764974594116
591872,289,0,0,-0.7322098765522241,-0.005238134827231988,15802.935036468505,0.8280038833618164
593920,290,0,0,-0.5947089344263077,-0.0053612112140399406,14298.137736511231,0.8261479139328003
595968,291,0,0,-0.6243909887969494,-0.004582733182178345,11255.10189628601,0.8629847764968872
598016,292,0,0,-0.4203584969509393,-0.0049376348906662315,5167.9277289867405,0.8988940119743347
600064,293,0,0,-0.4939309975132346,-0.0055673144001048055,9675.034944438934,0.8774115443229675
602112,294,0,0,-0.45339047703891994,-0.0048475415300345045,8302.216812467575,0.8860013484954834
604160,295,0,0,-0.2886017459444702,-0.00583765612100251,1839.6307743012906,0.9113045334815979
606208,296,0,0,-0.36281603858806194,-0.00806097339373082,15.874311942234636,0.9720227718353271
608256,297,0,0,-0.9580465581268072,-0.006937001197366044,19742.022794532775,0.7642242312431335
610304,298,0,0,-0.901493764296174,-0.005516519185039215,19428.443252563477,0.786123514175415
612352,299,0,0,-0.7699371031485498,-0.004844947915989906,15227.804527282715,0.8323820233345032
614400,300,0,0,-0.6593305044807494,-0.004800269289989956,13962.863040924072,0.855247437953949
616448,301,0,0,-0.5366867468692362,-0.00403405417164322,9450.378379821777,0.8503369688987732
618496,302,0,0,-0.5565615757368505,-0.004697688759188167,6990.112782621383,0.9041112065315247
620544,303,0,0,-0.4472121441736817,-0.00661546276678564,5011.382847976684,0.8361567258834839
622592,304,0,0,-0.5104958268813788,-0.0056671820464544,6984.495733714104,0.8830488324165344
624640,305,0,0,-0.4183570988476276,-0.010437716491287575,3386.7789835333824,0.9122459888458252
626688,306,0,0,-0.3267249910160899,-0.0050371446675853805,124.53096929490566,0.8559718728065491
628736,307,0,0,-0.38931325851008297,-0.006297028757398948,3493.9870464265346,0.9045578837394714
630784,308,0,0,-0.35516798882745204,-0.0033840424817753955,4140.997326534986,0.8699636459350586
632832,309,0,0,-0.3604468478355557,-0.01581099556351546,70.11162824854254,0.9178928136825562
634880,310,0,0,-0.504573337174952,-0.0051571282238001,3904.772074508667,0.8591485023498535
636928,311,0,0,-0.3934737786650658,-0.009606495228945277,700.4024816989898,0.45535147190093994
638976,312,0,0,-0.5289323839358986,-0.004151067214843351,5988.1455721378325,0.8744670152664185
641024,313,0,0,-0.3946569739840925,-0.005519108350563328,1373.0748498022556,0.4206387400627136
643072,314,0,0,-0.3537165786139667,-0.005643010215135291,212.09819709062577,0.7818778157234192
645120,315,0,0,-0.3486913781613111,-0.007531295757507906,168.6519596338272,0.8288978338241577
647168,316,0,0,-0.38056748462840917,-0.010082336387131362,392.7209178112447,0.863641619682312
649216,317,0,0,-0.39182760044932363,-0.005997579536051489,3295.744400155544,0.8539817333221436
651264,318,0,0,-0.30731434263288976,-0.006109928824298549,476.5624388292432,0.19592827558517456
653312,319,0,0,-0.3053312530741096,-0.004215201761689968,91.17293578907848,0.8527560830116272
655360,320,0,0,-0.35469930465333166,-0.012328990611422341,1592.842041695118,0.8814842104911804
657408,321,0,0,-0.34573647379875183,-0.01075978669396136,1180.0600336506964,0.9083254933357239
659456,322,0,0,-0.34226964400149884,-0.008822870060976129,1339.507652118057,0.897581934928894
661504,323,0,0,-0.3476246644742787,-0.01810003397404216,38.78494828324765,0.9536483287811279
663552,324,0,0,-0.4734269229695201,-0.007088595739332959,4484.0851719379425,0.9047298431396484
665600,325,0,0,-0.3446552217006683,-0.00405904032086255,66.74898902773857,0.9207316040992737
667648,326,0,0,-0.38599650766700505,-0.005585702444295748,4148.542570859194,0.7689305543899536
669696,327,0,0,-0.3827387292403728,-0.007766181897022761,1877.8591881126165,0.6890075206756592
671744,328,0,0,-0.403774774633348,-0.009150564271840267,2214.578129131347,0.9128987789154053
673792,329,0,0,-0.30232064239680767,-0.005648813967127353,89.08137613460421,0.9026910066604614
675840,330,0,0,-0.335495686577633,-0.008554863308381755,1498.1284681648017,0.8992822766304016
677888,331,0,0,-0.30159276304766536,-0.008572679135249927,1558.8613268747927,0.8692652583122253
679936,332,0,0,-0.27785899336449804,-0.009432437081704848,1016.5763036489486,0.9211627244949341
681984,333,0,0,-0.2139506448060274,-0.0037446965492563323,41.53942925110459,0.9377680420875549
684032,334,0,0,-0.2230054956395179,-0.002966184761316981,34.11278678346425,0.9627777338027954
686080,335,0,0,-0.27233658502809704,-0.007273462298326194,1478.2236524431034,0.9146634340286255
688128,336,0,0,-0.4139422827400267,-0.0035083305730950086,5876.989609694481,0.8846409916877747
690176,337,0,0,-0.26926203882321714,-0.014924963627709075,8.845348727575038,0.9776857495307922
692224,338,0,0,-0.4050311783328652,-0.0033828115294454618,4892.961348295212,0.836499810218811
694272,339,0,0,-0.36039815451949836,-0.012254435953946086,304.4796341955662,0.9564869999885559
696320,340,0,0,-0.3964743284042925,-0.0059493197099072855,3535.722660827637,0.8534400463104248
698368,341,0,0,-0.38586124232970176,-0.00445782074239105,3224.3465114831924,0.8675202131271362
700416,342,0,0,-0.3974448710680008,-0.005228331600665115,3299.1733204364778,0.8910418748855591
702464,343,0,0,-0.2971031453460455,-0.0044203594792634245,91.56031664311885,0.8923077583312988
704512,344,0,0,-0.29746617437340317,-0.006996449604048394,71.15162228643894,0.9168776869773865
706560,345,0,0,-0.3272664177697152,-0.0081242313812254,1731.3009599655866,0.8947950601577759
708608,346,0,0,-0.27664095046930015,-0.004589074222894851,132.92762587442994,0.740211546421051
710656,347,0,0,-0.3117116447072476,-0.004872086558316368,2148.702051974833,0.843980073928833
712704,348,0,0,-0.34877004437148573,-0.009543377536465414,1352.4769493011759,0.9213584661483765
714752,349,0,0,-0.32680752808228136,-0.00680561218468938,1672.651525247097,0.9078159928321838
716800,350,0,0,-0.3301266078371555,-0.009704460101784208,1690.363116599247,0.8961555361747742
718848,351,0,0,-0.3509970038197935,-0.009269730083178728,1708.6486543267965,0.8958995938301086
720896,352,0,0,-0.25376935992389915,-0.0039816646909457635,32.5172750338912,0.9585170745849609
722944,353,0,0,-0.31541336947120724,-0.005474670615512878,1824.0940352395178,0.8780063390731812
724992,354,0,0,-0.4182549060322344,-0.004352409220882691,3450.013338780403,0.9058963060379028
727040,355,0,0,-0.26718396102078257,-0.007977420612587594,17.09724813066423,0.992432713508606
729088,356,0,0,-0.2713506069499999,-0.0011060825927415863,3.3342581592849454,0.9960545301437378
731136,357,0,0,-0.4466185589320958,-0.0037631839310051872,5315.835951447487,0.8867446184158325
733184,358,0,0,-0.34645133540034295,-0.0055190013808896765,2220.368876093626,0.8717270493507385
735232,359,0,0,-0.44814888783730567,-0.00336397762876004,5304.0352684021,0.8953981399536133
737280,360,0,0,-0.37131955176591874,-0.0052944243972888215,4339.066003513336,0.8793455362319946
739328,361,0,0,-0.26221539340913297,-0.00675162895640824,34.111949804984036,0.9476643204689026
741376,362,0,0,-0.3212721740361303,-0.007445979180920404,2085.382014721632,0.8876456022262573
743424,363,0,0,-0.32448073173873127,-0.005437219391751569,2032.8201233599334,0.8987253904342651
745472,364,0,0,-0.2595792520325631,-0.0020243358419975268,324.42387584801764,0.47641825675964355
747520,365,0,0,-0.2515963770914823,-0.0019256242434494198,10.664002345129848,0.973039448261261
749568,366,0,0,-0.29955540760420263,-0.01125415661081206,1813.7518737152218,0.8923945426940918
751616,367,0,0,-0.24203094239346684,-0.0028628834144910796,21.484648995660244,0.9702944159507751
753664,368,0,0,-0.2533080286812037,-0.003944932260492351,2.048911875823978,0.9971846342086792
755712,369,0,0,-0.8940590132027865,-0.0034258895902894437,20716.786735534668,0.7356594800949097
757760,370,0,0,-0.6358099500648677,-0.004947085314779542,14840.85277042389,0.831989586353302
759808,371,0,0,-0.9113688068464398,-0.005024163407506421,21033.93491973877,0.7597410678863525
761856,372,0,0,-0.7153668983839452,-0.004664860860793851,18232.73815116882,0.8160331845283508
763904,373,0,0,-0.6055066708475352,-0.003512066883558873,14108.57671432495,0.8571887016296387
765952,374,0,0,-0.4960485967807472,-0.004072532038844656,11621.297521400451,0.8686115741729736
768000,375,0,0,-0.567504467908293,-0.003999927558470518,14448.753072929383,0.8643671274185181
770048,376,0,0,-0.48217065408825877,-0.003598964470438659,9007.649039173126,0.8843560814857483
772096,377,0,0,-0.28358660149388015,-0.003635051572928205,2002.5954857699573,0.9025774002075195
774144,378,0,0,-0.4233828832395375,-0.003424688903032802,10995.858010959626,0.8708499670028687
776192,379,0,0,-0.3903947803657502,-0.004754078840778675,5795.010235643387,0.9110720157623291
778240,380,0,0,-0.47916198605671523,-0.002508667597430758,11270.800681972503,0.8829115033149719
780288,381,0,0,-0.5020880419760942,-0.0031073755177203565,11122.959377002717,0.8847041726112366
782336,382,0,0,-0.31263954234309493,-0.004244371736422181,7232.94595413208,0.8535282611846924
784384,383,0,0,-0.3896721261087805,-0.0033707920141750948,7849.534144759178,0.8875811100006104
786432,384,0,0,-0.35117198624648155,-0.009335978934541345,3831.968451547623,0.8992984294891357
788480,385,0,0,-0.3310703095979989,-0.0032722597741667416,5648.0274582147595,0.8296791315078735
790528,386,0,0,-0.3007316034287214,-0.010232803894905374,1908.5398432515562,0.8967739343643188
792576,387,0,0,-0.46048794090747835,-0.003349483391502872,8918.803077554703,0.8938845992088318
794624,388,0,0,-0.2679518915247172,-0.00990084208897315,1955.8168154247105,0.9203016757965088
796672,389,0,0,-0.22563387299887835,-0.008712135662790388,94.38284815186634,0.6050951480865479
798720,390,0,0,-0.3195018213242292,-0.0024074997258139775,5858.131564426422,0.8758421540260315
800768,391,0,0,-0.4872260230593383,-0.00341810000827536,7591.7638454914095,0.8984355330467224
802816,392,0,0,-0.364002400636673,-0.004881312401266769,5652.583144319057,0.8982400894165039
804864,393,0,0,-0.29299114253371955,-0.006527904910035432,3866.038899216056,0.9141435623168945
806912,394,0,0,-0.23014828036539256,-0.002407701907213777,19.654830145929008,0.9739452004432678
808960,395,0,0,-0.32822809936478736,-0.005701318246428855,3956.4861061058937,0.911359429359436
811008,396,0,0,-0.353272802522406,-0.007086590197286568,3979.7456748396157,0.9066746830940247
813056,397,0,0,-0.30228410186246035,-0.007160799042321741,2049.147688772902,0.917061448097229
815104,398,0,0,-0.26513025667518375,-0.002585231058037607,8.577642043074594,0.9896937608718872
817152,399,0,0,-0.6343060166575014,-0.003656341697205789,13170.125920486451,0.8706117272377014
819200,400,0,0,-0.4286643053404987,-0.004175446304725483,7813.823225474358,0.8912471532821655
821248,401,0,0,-0.4658449847251177,-0.003934905654750765,7316.083879327774,0.8947346806526184
823296,402,0,0,-0.42043349221348764,-0.003832285957469139,8197.816516399384,0.8356895446777344
825344,403,0,0,-0.49643153995275496,-0.0042360228631878275,10385.830195426941,0.8436169028282166
827392,404,0,0,-0.42156131071969866,-0.0030981617048382757,6001.168331956864,0.8978649973869324
829440,405,0,0,-0.34891863404773177,-0.008477545104688034,3387.8235249340532,0.9146897792816162
831488,406,0,0,-0.4212957982905209,-0.005866569114732556,5585.3170446157455,0.8985832929611206
833536,407,0,0,-0.3110665226355195,-0.008963313011918217,1336.846089692414,0.9332122802734375
835584,408,0,0,-0.25316184777766465,-0.007345780615287368,22.090557981468738,0.9712826013565063
837632,409,0,0,-0.4175717080477625,-0.00530784964794293,5467.112621492148,0.898514986038208
839680,410,0,0,-0.5519775907509029,-0.004153632297675358,12218.041430568695,0.8470385074615479
841728,411,0,0,-0.5945068058557809,-0.004420311562716961,11525.960181808472,0.8786425590515137
843776,412,0,0,-0.4560176023282111,-0.0045251105868374,7682.31538696289,0.8598067164421082
845824,413,0,0,-0.35067513179965315,-0.006219675749889575,3589.269694554806,0.8979110717773438
847872,414,0,0,-0.37148926947265865,-0.00646585654176306,3701.6812069118023,0.907984733581543
849920,415,0,0,-0.38349544391967355,-0.010192522208672016,3563.2463253110645,0.8989492654800415
851968,416,0,0,-0.38468370246700945,-0.006886671483516693,4322.7109608531,0.8876664638519287
854016,417,0,0,-0.3292487961705774,-0.010134357961942442,2127.1094737008216,0.9207754135131836
856064,418,0,0,-0.30077554560266434,-0.01165305058384547,1769.1026936590672,0.9071060419082642
858112,419,0,0,-0.29091265639290215,-0.010399706335738302,1989.2974591166712,0.8933573961257935
860160,420,0,0,-0.27701243725605307,-0.01733591056545265,9.866469589387998,0.98716139793396
862208,421,0,0,-1.0198411421850324,-0.0020279625023249537,20813.05052871704,0.6637971997261047
864256,422,0,0,-0.9425807587802411,-0.003200880193617195,20984.068772888182,0.7372206449508667
866304,423,0,0,-0.8570061268284916,-0.004498680088727269,23463.911265563966,0.762393593788147
868352,424,0,0,-0.7881320873275399,-0.004514136881334707,18052.235712432863,0.8269128203392029
870400,425,0,0,-0.7567341544665396,-0.0031159731370280497,18825.407736587524,0.8192049264907837
872448,426,0,0,-0.7006111660040915,-0.0038236090971622617,15133.77514705658,0.8651553392410278
874496,427,0,0,-0.5526240698061884,-0.004768971052544657,13912.015096092224,0.867611289024353
876544,428,0,0,-0.535396478511393,-0.00449846930350759,12284.777876663207,0.8585140109062195
878592,429,0,0,-0.45945196044631303,-0.005156663435627706,9510.622904539108,0.892095685005188
880640,430,0,0,-0.45062755355611445,-0.003674569595750654,11157.012037944794,0.8515180349349976
882688,431,0,0,-0.3578882613219321,-0.004669417400145903,5417.164823806286,0.8696354031562805
884736,432,0,0,-0.28858823273330925,-0.007382839341880753,3922.800879302621,0.8193583488464355
886784,433,0,0,-0.301245894189924,-0.010103050804173109,3143.601133927703,0.8651782274246216
888832,434,0,0,-0.35429586325772106,-0.0038915192868444136,4593.020787560939,0.8675177693367004
890880,435,0,0,-0.3220844856463373,-0.007670689857332036,3397.8830291584136,0.8962491750717163
892928,436,0,0,-0.2611145957373083,-0.008589970608591102,1654.7372451521455,0.9166700839996338
894976,437,0,0,-0.2144099541939795,-0.0032984881065203807,11.979835536773317,0.9857539534568787
897024,438,0,0,-0.20933686033822596,-0.0013032571878284216,4.385049447626807,0.9944847226142883
899072,439,0,0,-0.3428276442922652,-0.003509401305927895,4970.938151466847,0.8979135155677795
901120,440,0,0,-0.26123191402293744,-0.008925404508772772,1938.375306857936,0.8965463042259216
903168,441,0,0,-0.24832083526998758,-0.010802220020559616,1.466346096660709,0.9979877471923828
905216,442,0,0,-0.5365065789781511,-0.002160540195473004,9072.00892944336,0.8288048505783081
907264,443,0,0,-0.4065885219722986,-0.007673610418714815,4710.232055687904,0.7822932004928589
909312,444,0,0,-0.4335755622945726,-0.006703248328267364,3454.3087730288507,0.8956111073493958
911360,445,0,0,-0.2897119618486613,-0.00570304744906025,1995.843978768587,0.8888748288154602
913408,446,0,0,-0.25107308756560087,-0.009807618052582257,27.54725216627121,0.9690328240394592
915456,447,0,0,-0.27479689456522466,-0.0051377381954807785,7.443676861654967,0.9900149703025818
917504,448,0,0,-0.34511595843359827,-0.014010396701633,1583.3169196806848,0.9139518141746521
919552,449,0,0,-0.3549142713658512,-0.004529531483422033,3869.3602915242313,0.8916642665863037
921600,450,0,0,-0.2774934690445662,-0.003653200829285197,10.940454914001748,0.9750497937202454
923648,451,0,0,-0.3256253797095269,-0.007823532600014005,1513.231276264973,0.9243034720420837
925696,452,0,0,-0.42122810180298986,-0.00658271746506216,5190.646056473255,0.841774046421051
927744,453,0,0,-0.3669409197755158,-0.009432599530555308,1688.1878829915076,0.9089403748512268
929792,454,0,0,-0.3667316310107708,-0.004040956639801152,1.7819137547630817,0.996128499507904
931840,455,0,0,-0.7567338163033128,-0.002186296909349039,11706.839913368225,0.8490010499954224
933888,456,0,0,-0.5792220565490425,-0.003808431696961634,7811.786396026611,0.8576129674911499
935936,457,0,0,-0.5785683169960976,-0.003470078173268121,10094.035244274139,0.8397577404975891
937984,458,0,0,-0.41324308337643745,-0.008763041756174062,1753.9191080585122,0.7821000218391418
940032,459,0,0,-0.4639273628592491,-0.012471647371421568,2676.1627927571535,0.8889199495315552
942080,460,0,0,-0.4047442524693906,-0.016020398715045302,1189.5555154331028,0.9116012454032898
944128,461,0,0,-0.42086778208613396,-0.0034995002555660904,4221.317771553993,0.8214457035064697
946176,462,0,0,-0.48329111831262705,-0.007002275573177031,5036.523057854176,0.8629042506217957
948224,463,0,0,-0.35038808807730676,-0.011657190910773352,1934.3094769626855,0.9064720273017883
950272,464,0,0,-0.43946137381717565,-0.003564869399997406,7485.704922533036,0.8807017803192139
952320,465,0,0,-0.26899016126990316,-0.00818458033609204,15.69235361237079,0.9467032551765442
954368,466,0,0,-0.3830191893968731,-0.0071398832398699595,4352.420970404148,0.8234757781028748
956416,467,0,0,-0.39525219686329366,-0.00465960387045925,6990.748536896705,0.7897534370422363
958464,468,0,0,-0.3592309596017003,-0.006432385930384044,4073.2158082902433,0.8083875179290771
960512,469,0,0,-0.2982503506820649,-0.007279705202381592,32.25127635896206,0.9588572978973389
962560,470,0,0,-0.2834091474302113,-0.006441140954848379,47.57606415897608,0.9440032839775085
964608,471,0,0,-0.3196303469594568,-0.008606640923244414,1807.0828411608934,0.776648998260498
966656,472,0,0,-0.30795832592993977,-0.008782386695384049,1839.5924914479256,0.8619874119758606
968704,473,0,0,-0.3216820998117328,-0.007551995509129483,3046.915686839819,0.6977992057800293
970752,474,0,0,-0.22891980689018965,-0.0045108986159903,14.234357090480625,0.9761916399002075
972800,475,0,0,-0.2006202655378729,-0.000561049662064761,7.396180967218243,0.9907658696174622
974848,476,0,0,-0.2505939707159996,-0.008117391059204237,1599.9166155442595,0.6662251353263855
976896,477,0,0,-0.2602664403151721,-0.01079901203411282,1068.3740710613317,0.8910256624221802
978944,478,0,0,-0.19900126757565886,-0.004443632187030744,5.565701457299292,0.9928125143051147
980992,479,0,0,-0.5244545990601182,-0.00720203388336813,6594.237223482132,0.8532782793045044
983040,480,0,0,-0.39688476570881903,-0.006651857664110139,3270.144858235121,0.9072588682174683
985088,481,0,0,-0.3173618343658745,-0.01326619166356977,2352.854131874442,0.9117575883865356
987136,482,0,0,-0.2926201540976763,-0.010055791703052819,3044.0907584812494,0.8944991827011108
989184,483,0,0,-0.37118921484798195,-0.007398355199256912,4423.188336312771,0.9030158519744873
991232,484,0,0,-0.20704618892632426,-0.0053452581865713,1668.1452257290482,0.8940644264221191
993280,485,0,0,-0.16661718687973917,-0.002614679461112246,6.871808744221926,0.9824812412261963
995328,486,0,0,-0.21594780208542944,-0.010908301471499727,1566.8096936902032,0.9109505414962769
997376,487,0,0,-0.1772151477402076,-0.003040738598792814,1.8319517868221737,0.9974098801612854
999424,488,0,0,-0.3781696614343673,-0.00754375945252832,3969.2683213591577,0.9133665561676025
1001472,489,0,0,-0.22704318813048302,-0.015087627651519142,1617.7704900762067,0.9117269515991211
